TimeGenerated,EventID,Account,Computer,IpAddress,Status
2026-07-08T14:10:00Z,4625,j.miller,WIN-WKS-014,203.0.113.45,Failed logon
2026-07-08T14:11:00Z,4625,j.miller,WIN-WKS-014,203.0.113.45,Failed logon
2026-07-08T14:12:00Z,4625,j.miller,WIN-WKS-014,203.0.113.45,Failed logon
2026-07-08T14:13:00Z,4625,j.miller,WIN-WKS-014,203.0.113.45,Failed logon
2026-07-08T14:14:00Z,4625,j.miller,WIN-WKS-014,203.0.113.45,Failed logon
2026-07-08T14:15:00Z,4625,j.miller,WIN-WKS-014,203.0.113.45,Failed logon
2026-07-08T14:16:00Z,4625,j.miller,WIN-WKS-014,203.0.113.45,Failed logon
2026-07-08T14:17:00Z,4625,j.miller,WIN-WKS-014,203.0.113.45,Failed logon
2026-07-08T14:18:00Z,4625,j.miller,WIN-WKS-014,203.0.113.45,Failed logon
2026-07-08T14:19:00Z,4625,j.miller,WIN-WKS-014,203.0.113.45,Failed logon
2026-07-08T14:20:00Z,4625,j.miller,WIN-WKS-014,203.0.113.45,Failed logon
2026-07-08T14:21:00Z,4625,j.miller,WIN-WKS-014,203.0.113.45,Failed logon
2026-07-08T14:22:00Z,4625,j.miller,WIN-WKS-014,203.0.113.45,Failed logon
2026-07-08T14:23:00Z,4625,j.miller,WIN-WKS-014,203.0.113.45,Failed logon
2026-07-08T14:24:00Z,4625,j.miller,WIN-WKS-014,203.0.113.45,Failed logon
2026-07-08T14:25:00Z,4625,j.miller,WIN-WKS-014,203.0.113.45,Failed logon
2026-07-08T14:26:00Z,4625,j.miller,WIN-WKS-014,203.0.113.45,Failed logon
2026-07-08T14:27:00Z,4625,j.miller,WIN-WKS-014,203.0.113.45,Failed logon
2026-07-08T14:29:11Z,4624,j.miller,WIN-WKS-014,203.0.113.45,Successful logon
